{"id":"86a46982-36bc-43b5-a1a8-9d6016c1eb1e","timestamp":1739084146553,"matcher":{"static":{},"wildcard":{},"dynamic":{}},"prerendered":["/","/Auth/register","/Auth/passwordResets","/Auth/confirmPassword","/Auth/restorepassword","/Auth/activateAccount","/Auth/restorePassword-check-code","/about","/privacy","/Auth/login","/Auth/testLogiiiiin","/confirmPassword","/changesuccessful","/connectUs","/Complaints","/emailActivateCode","/Auth/restorePassword","/changeMobileNumber","/changePassword","/editProfile","/ChangeEmail","/profile","/terms","/mobileActivateCode","/chat","/settings","/businessGrowth","/Recommendations","/home","/salesDetails","/sales"]}