{"id":"aac33e04-981c-4b97-9573-5e2b03a33ab3","timestamp":1738321246477,"matcher":{"static":{},"wildcard":{},"dynamic":{}},"prerendered":["/Auth/passwordResets","/Auth/restorepassword","/Auth/confirmPassword","/Auth/restorePassword-check-code","/Auth/login","/Auth/teeeeeeeetstLogin","/Auth/register","/Auth/restorePassword","/confirmPassword","/changesuccessful","/emailActivateCode","/aboutSite","/Complaints","/Auth/activateAccount","/connectUs","/chat","/terms","/businessGrowth","/Recommendations","/sidetest","/test222","/salesDetails"]}