{"id":"c704eec5-9334-4d9d-a10a-15ae963fde23","timestamp":1741705713780,"matcher":{"static":{},"wildcard":{},"dynamic":{}},"prerendered":["/","/Auth/register","/Auth/activateAccount","/Auth/passwordResets","/Auth/confirmPassword","/Auth/restorePassword-check-code","/Auth/restorepassword","/about","/privacy","/Auth/login","/Auth/testLogiiiiin","/confirmPassword","/Auth/restorePassword","/changesuccessful","/connectUs","/Complaints","/emailActivateCode","/changePassword","/editProfile","/mobileActivateCode","/profile","/ChangeEmail","/changeMobileNumber","/terms","/settings","/businessGrowth","/Recommendations","/home","/chat","/salesDetails","/sales"]}