{"id":"d9119ab1-2649-45fa-94fa-bf2f41ecff79","timestamp":1741272790936,"matcher":{"static":{},"wildcard":{},"dynamic":{}},"prerendered":["/","/Auth/register","/Auth/confirmPassword","/Auth/passwordResets","/Auth/activateAccount","/Auth/restorePassword-check-code","/Auth/restorepassword","/about","/privacy","/Auth/testLogiiiiin","/Auth/login","/Complaints","/confirmPassword","/connectUs","/changesuccessful","/Auth/restorePassword","/emailActivateCode","/ChangeEmail","/changePassword","/editProfile","/mobileActivateCode","/changeMobileNumber","/profile","/terms","/settings","/businessGrowth","/Recommendations","/home","/chat","/salesDetails","/sales"]}