{"id":"da0c8899-9e27-4cf4-b964-be821eaa465d","timestamp":1742081143855,"matcher":{"static":{},"wildcard":{},"dynamic":{}},"prerendered":["/","/Auth/register","/Auth/passwordResets","/Auth/restorePassword-check-code","/Auth/confirmPassword","/Auth/restorepassword","/Auth/activateAccount","/privacy","/about","/Auth/testLogiiiiin","/Auth/login","/connectUs","/Auth/restorePassword","/Complaints","/emailActivateCode","/confirmPassword","/changesuccessful","/changeMobileNumber","/ChangeEmail","/changePassword","/mobileActivateCode","/profile","/editProfile","/terms","/settings","/businessGrowth","/Recommendations","/home","/chat","/salesDetails","/sales"]}