{"id":"ea68ddc2-559b-4e10-abe2-1510a3772b55","timestamp":1739015001937,"matcher":{"static":{},"wildcard":{},"dynamic":{}},"prerendered":["/","/Auth/register","/Auth/passwordResets","/Auth/activateAccount","/Auth/restorePassword-check-code","/Auth/confirmPassword","/Auth/restorepassword","/about","/privacy","/Auth/login","/Auth/testLogiiiiin","/confirmPassword","/changesuccessful","/emailActivateCode","/Complaints","/Auth/restorePassword","/connectUs","/changeMobileNumber","/ChangeEmail","/changePassword","/profile","/editProfile","/mobileActivateCode","/terms","/chat","/settings","/businessGrowth","/Recommendations","/home","/salesDetails","/sales"]}