{"id":"ef33377d-d626-420f-9db4-1f9a2b81fee9","timestamp":1742168576451,"matcher":{"static":{},"wildcard":{},"dynamic":{}},"prerendered":["/","/Auth/register","/Auth/passwordResets","/Auth/confirmPassword","/Auth/restorePassword-check-code","/Auth/activateAccount","/Auth/restorepassword","/privacy","/about","/Auth/login","/Auth/testLogiiiiin","/Complaints","/changesuccessful","/confirmPassword","/emailActivateCode","/connectUs","/Auth/restorePassword","/ChangeEmail","/changeMobileNumber","/editProfile","/changePassword","/profile","/mobileActivateCode","/terms","/settings","/businessGrowth","/Recommendations","/chat","/home","/salesDetails","/sales"]}