{"id":"f59a82ed-1597-446f-b0d0-10b46f4ad294","timestamp":1738699561119,"matcher":{"static":{},"wildcard":{},"dynamic":{}},"prerendered":["/","/Auth/passwordResets","/Recommendations","/businessGrowth","/Auth/activateAccount","/Auth/restorePassword-check-code","/settings","/Auth/restorepassword","/Auth/confirmPassword","/chat","/Auth/testLogiiiiin","/Auth/login","/Auth/teeeeeeeetstLogin","/Auth/register","/ChangeEmail","/Complaints","/changePassword","/connectUs","/confirmPassword","/changeMobileNumber","/emailActivateCode","/editProfile","/mobileActivateCode","/Auth/restorePassword","/profile","/changesuccessful","/test222","/terms","/salesDetails","/sales"]}